"Time of Day","Process Name","Operation","Path","Result","Detail"
"3:19:27.3207347 PM","Explorer.EXE","RegQueryValue","HKCU\Software\Microsoft\Windows\CurrentVersion\Explorer\UserAssist\{CEBFF5CD-ACE2-4F4F-9178-9926F41749EA}\Count\{1NP14R77-02R7-4R5Q-O744-2RO1NR5198O7}\pzq.rkr","SUCCESS","Type: REG_BINARY, Length: 72, Data: 00 00 00 00 28 00 00 00 AA 00 00 00 FA 85 4B 00"
"3:19:27.3207771 PM","Explorer.EXE","RegSetValue","HKCU\Software\Microsoft\Windows\CurrentVersion\Explorer\UserAssist\{CEBFF5CD-ACE2-4F4F-9178-9926F41749EA}\Count\{1NP14R77-02R7-4R5Q-O744-2RO1NR5198O7}\pzq.rkr","SUCCESS","Type: REG_BINARY, Length: 72, Data: 00 00 00 00 28 00 00 00 AA 00 00 00 81 45 4D 00"
"3:19:27.3208331 PM","Explorer.EXE","RegSetValue","HKCU\Software\Microsoft\Windows\CurrentVersion\Explorer\UserAssist\{CEBFF5CD-ACE2-4F4F-9178-9926F41749EA}\Count\HRZR_PGYFRFFVBA","SUCCESS","Type: REG_BINARY, Length: 1,612, Data: 00 00 00 00 14 02 00 00 EF 0B 00 00 56 A3 EA 05"
"3:19:27.3209702 PM","SearchIndexer.exe","FileSystemControl","C:","SUCCESS","Control: FSCTL_READ_USN_JOURNAL"
"3:19:27.3209917 PM","SearchIndexer.exe","FileSystemControl","C:","SUCCESS","Control: FSCTL_READ_USN_JOURNAL"
"3:19:27.3210759 PM","Explorer.EXE","NotifyChangeDirectory","C:\Users\tingwei\Desktop\ProcessMonitor","SUCCESS","Filter: FILE_NOTIFY_CHANGE_FILE_NAME, FILE_NOTIFY_CHANGE_ATTRIBUTES, FILE_NOTIFY_CHANGE_LAST_WRITE"
"3:19:27.3211308 PM","Explorer.EXE","NotifyChangeDirectory","C:\Users\tingwei\Desktop\ProcessMonitor","SUCCESS","Filter: FILE_NOTIFY_CHANGE_FILE_NAME, FILE_NOTIFY_CHANGE_ATTRIBUTES, FILE_NOTIFY_CHANGE_LAST_WRITE"
"3:19:27.3211805 PM","Explorer.EXE","NotifyChangeDirectory","C:\Users\tingwei\Desktop","","Filter: FILE_NOTIFY_CHANGE_FILE_NAME, FILE_NOTIFY_CHANGE_ATTRIBUTES, FILE_NOTIFY_CHANGE_LAST_WRITE"
"3:19:27.3223818 PM","Explorer.EXE","QueryNameInformationFile","C:\Users\tingwei\Desktop\ProcessMonitor\Procmon64.exe","SUCCESS","Name: \Users\tingwei\Desktop\ProcessMonitor\Procmon64.exe"
"3:19:27.3226169 PM","Explorer.EXE","CreateFile","C:\Users\tingwei\Desktop\ProcessMonitor\Procmon64.exe","SUCCESS","Desired Access: Read Attributes, Disposition: Open, Options: Open Reparse Point, Attributes: n/a, ShareMode: Read, Write, Delete, AllocationSize: n/a, OpenResult: Opened"
"3:19:27.3226582 PM","Explorer.EXE","QueryBasicInformationFile","C:\Users\tingwei\Desktop\ProcessMonitor\Procmon64.exe","SUCCESS","CreationTime: 10/5/2022 4:01:43 PM, LastAccessTime: 10/5/2022 4:01:43 PM, LastWriteTime: 8/18/2021 5:30:12 PM, ChangeTime: 10/5/2022 4:01:43 PM, FileAttributes: N"
"3:19:27.3226866 PM","Explorer.EXE","CloseFile","C:\Users\tingwei\Desktop\ProcessMonitor\Procmon64.exe","SUCCESS",""
"3:19:27.3227659 PM","Explorer.EXE","CreateFile","C:\","SUCCESS","Desired Access: Read Data/List Directory, Synchronize, Disposition: Open, Options: Directory, Synchronous IO Non-Alert, Attributes: n/a, ShareMode: Read, Write, Delete, AllocationSize: n/a, OpenResult: Opened"
"3:19:27.3228068 PM","Explorer.EXE","QueryDirectory","C:\Users","SUCCESS","FileInformationClass: FileBothDirectoryInformation, Filter: Users, 2: Users"
"3:19:27.3228582 PM","Explorer.EXE","CloseFile","C:\","SUCCESS",""
"3:19:27.3229957 PM","Explorer.EXE","CreateFile","C:\Users","SUCCESS","Desired Access: Read Data/List Directory, Synchronize, Disposition: Open, Options: Directory, Synchronous IO Non-Alert, Attributes: n/a, ShareMode: Read, Write, Delete, AllocationSize: n/a, OpenResult: Opened"
"3:19:27.3230363 PM","Explorer.EXE","QueryDirectory","C:\Users\tingwei","SUCCESS","FileInformationClass: FileBothDirectoryInformation, Filter: tingwei, 2: tingwei"
"3:19:27.3230774 PM","Explorer.EXE","CloseFile","C:\Users","SUCCESS",""
"3:19:27.3232106 PM","Explorer.EXE","CreateFile","C:\Users\tingwei","SUCCESS","Desired Access: Read Data/List Directory, Synchronize, Disposition: Open, Options: Directory, Synchronous IO Non-Alert, Attributes: n/a, ShareMode: Read, Write, Delete, AllocationSize: n/a, OpenResult: Opened"
"3:19:27.3232502 PM","Explorer.EXE","QueryDirectory","C:\Users\tingwei\Desktop","SUCCESS","FileInformationClass: FileBothDirectoryInformation, Filter: Desktop, 2: Desktop"
"3:19:27.3232909 PM","Explorer.EXE","CloseFile","C:\Users\tingwei","SUCCESS",""
"3:19:27.3234375 PM","Explorer.EXE","QueryNameInformationFile","C:\Users\tingwei\Desktop\ProcessMonitor\Procmon64.exe","SUCCESS","Name: \Users\tingwei\Desktop\ProcessMonitor\Procmon64.exe"
"3:19:27.3236453 PM","Explorer.EXE","CreateFile","C:\Users\tingwei\Desktop\ProcessMonitor\Procmon64.exe","SUCCESS","Desired Access: Read Attributes, Disposition: Open, Options: Open Reparse Point, Attributes: n/a, ShareMode: Read, Write, Delete, AllocationSize: n/a, OpenResult: Opened"
"3:19:27.3236845 PM","Explorer.EXE","QueryBasicInformationFile","C:\Users\tingwei\Desktop\ProcessMonitor\Procmon64.exe","SUCCESS","CreationTime: 10/5/2022 4:01:43 PM, LastAccessTime: 10/5/2022 4:01:43 PM, LastWriteTime: 8/18/2021 5:30:12 PM, ChangeTime: 10/5/2022 4:01:43 PM, FileAttributes: N"
"3:19:27.3237136 PM","Explorer.EXE","CloseFile","C:\Users\tingwei\Desktop\ProcessMonitor\Procmon64.exe","SUCCESS",""
"3:19:27.3237902 PM","Explorer.EXE","CreateFile","C:\","SUCCESS","Desired Access: Read Data/List Directory, Synchronize, Disposition: Open, Options: Directory, Synchronous IO Non-Alert, Attributes: n/a, ShareMode: Read, Write, Delete, AllocationSize: n/a, OpenResult: Opened"
"3:19:27.3238295 PM","Explorer.EXE","QueryDirectory","C:\Users","SUCCESS","FileInformationClass: FileBothDirectoryInformation, Filter: Users, 2: Users"
"3:19:27.3238706 PM","Explorer.EXE","CloseFile","C:\","SUCCESS",""
"3:19:27.3240068 PM","Explorer.EXE","CreateFile","C:\Users","SUCCESS","Desired Access: Read Data/List Directory, Synchronize, Disposition: Open, Options: Directory, Synchronous IO Non-Alert, Attributes: n/a, ShareMode: Read, Write, Delete, AllocationSize: n/a, OpenResult: Opened"
"3:19:27.3240460 PM","Explorer.EXE","QueryDirectory","C:\Users\tingwei","SUCCESS","FileInformationClass: FileBothDirectoryInformation, Filter: tingwei, 2: tingwei"
"3:19:27.3240864 PM","Explorer.EXE","CloseFile","C:\Users","SUCCESS",""
"3:19:27.3242265 PM","Explorer.EXE","CreateFile","C:\Users\tingwei","SUCCESS","Desired Access: Read Data/List Directory, Synchronize, Disposition: Open, Options: Directory, Synchronous IO Non-Alert, Attributes: n/a, ShareMode: Read, Write, Delete, AllocationSize: n/a, OpenResult: Opened"
"3:19:27.3242656 PM","Explorer.EXE","QueryDirectory","C:\Users\tingwei\Desktop","SUCCESS","FileInformationClass: FileBothDirectoryInformation, Filter: Desktop, 2: Desktop"
"3:19:27.3243056 PM","Explorer.EXE","CloseFile","C:\Users\tingwei","SUCCESS",""
"3:19:27.3243966 PM","Explorer.EXE","RegQueryKey","HKCU\Software\Classes","SUCCESS","Query: Name"
"3:19:27.3244329 PM","Explorer.EXE","RegQueryKey","HKCU\Software\Classes","SUCCESS","Query: HandleTags, HandleTags: 0x0"
"3:19:27.3244645 PM","Explorer.EXE","RegQueryKey","HKCU\Software\Classes","SUCCESS","Query: HandleTags, HandleTags: 0x0"
"3:19:27.3245021 PM","Explorer.EXE","RegOpenKey","HKCU\Software\Classes\Applications\Procmon64.exe","NAME NOT FOUND","Desired Access: Read"
"3:19:27.3245434 PM","Explorer.EXE","RegOpenKey","HKCR\Applications\Procmon64.exe","NAME NOT FOUND","Desired Access: Read"
"3:19:27.3245823 PM","Explorer.EXE","RegQueryKey","HKCU\Software\Classes","SUCCESS","Query: Name"
"3:19:27.3246155 PM","Explorer.EXE","RegQueryKey","HKCU\Software\Classes","SUCCESS","Query: HandleTags, HandleTags: 0x0"
"3:19:27.3246481 PM","Explorer.EXE","RegQueryKey","HKCU\Software\Classes","SUCCESS","Query: Name"
"3:19:27.3246866 PM","Explorer.EXE","RegOpenKey","HKCU\Software\Classes\Applications\Procmon64.exe","NAME NOT FOUND","Desired Access: Read"
"3:19:27.3247254 PM","Explorer.EXE","RegOpenKey","HKCR\Applications\Procmon64.exe","NAME NOT FOUND","Desired Access: Read"
"3:19:27.3255036 PM","Explorer.EXE","RegQueryKey","HKCU\Software\Classes","SUCCESS","Query: Name"
"3:19:27.3255370 PM","Explorer.EXE","RegQueryKey","HKCU\Software\Classes","SUCCESS","Query: HandleTags, HandleTags: 0x0"
"3:19:27.3255675 PM","Explorer.EXE","RegQueryKey","HKCU\Software\Classes","SUCCESS","Query: HandleTags, HandleTags: 0x0"
"3:19:27.3256259 PM","Explorer.EXE","RegOpenKey","HKCU\Software\Classes\Applications\Procmon64.exe","NAME NOT FOUND","Desired Access: Read"
"3:19:27.3256647 PM","Explorer.EXE","RegOpenKey","HKCR\Applications\Procmon64.exe","NAME NOT FOUND","Desired Access: Read"
"3:19:27.3257003 PM","Explorer.EXE","RegQueryKey","HKCU\Software\Classes","SUCCESS","Query: Name"
"3:19:27.3257322 PM","Explorer.EXE","RegQueryKey","HKCU\Software\Classes","SUCCESS","Query: HandleTags, HandleTags: 0x0"
"3:19:27.3257632 PM","Explorer.EXE","RegQueryKey","HKCU\Software\Classes","SUCCESS","Query: Name"
"3:19:27.3257997 PM","Explorer.EXE","RegOpenKey","HKCU\Software\Classes\Applications\Procmon64.exe","NAME NOT FOUND","Desired Access: Read"
"3:19:27.3258373 PM","Explorer.EXE","RegOpenKey","HKCR\Applications\Procmon64.exe","NAME NOT FOUND","Desired Access: Read"
"3:19:27.3261446 PM","Explorer.EXE","CreateFile","C:\Users\tingwei\Desktop\ProcessMonitor\Procmon64.exe","SUCCESS","Desired Access: Read Attributes, Disposition: Open, Options: Open Reparse Point, Attributes: n/a, ShareMode: Read, Write, Delete, AllocationSize: n/a, OpenResult: Opened"
"3:19:27.3261884 PM","Explorer.EXE","QueryBasicInformationFile","C:\Users\tingwei\Desktop\ProcessMonitor\Procmon64.exe","SUCCESS","CreationTime: 10/5/2022 4:01:43 PM, LastAccessTime: 10/5/2022 4:01:43 PM, LastWriteTime: 8/18/2021 5:30:12 PM, ChangeTime: 10/5/2022 4:01:43 PM, FileAttributes: N"
"3:19:27.3262215 PM","Explorer.EXE","CloseFile","C:\Users\tingwei\Desktop\ProcessMonitor\Procmon64.exe","SUCCESS",""
"3:19:27.3271343 PM","Explorer.EXE","RegQueryKey","HKLM","SUCCESS","Query: HandleTags, HandleTags: 0x0"
"3:19:27.3271855 PM","Explorer.EXE","RegOpenKey","HKLM\Software\Microsoft\Windows\Shell\RegisteredApplications\UrlAssociations\Directory\OpenWithProgids","NAME NOT FOUND","Desired Access: Read"
"3:19:27.3272428 PM","Explorer.EXE","RegQueryKey","HKCU","SUCCESS","Query: HandleTags, HandleTags: 0x0"
"3:19:27.3272940 PM","Explorer.EXE","RegOpenKey","HKCU\Software\Microsoft\Windows\Shell\Associations\UrlAssociations\Directory","NAME NOT FOUND","Desired Access: Read"
"3:19:27.3273474 PM","Explorer.EXE","RegQueryKey","HKCU\Software\Classes","SUCCESS","Query: Name"
"3:19:27.3273938 PM","Explorer.EXE","RegQueryKey","HKCU\Software\Classes","SUCCESS","Query: HandleTags, HandleTags: 0x0"
"3:19:27.3274378 PM","Explorer.EXE","RegQueryKey","HKCU\Software\Classes","SUCCESS","Query: HandleTags, HandleTags: 0x0"
"3:19:27.3274869 PM","Explorer.EXE","RegOpenKey","HKCU\Software\Classes\Directory","NAME NOT FOUND","Desired Access: Read"
"3:19:27.3275383 PM","Explorer.EXE","RegOpenKey","HKCR\Directory","SUCCESS","Desired Access: Read"
"3:19:27.3275932 PM","Explorer.EXE","RegQueryKey","HKCR\Directory","SUCCESS","Query: Name"
"3:19:27.3276395 PM","Explorer.EXE","RegQueryKey","HKCR\Directory","SUCCESS","Query: HandleTags, HandleTags: 0x0"
"3:19:27.3276995 PM","Explorer.EXE","RegOpenKey","HKCU\Software\Classes\Directory\CurVer","NAME NOT FOUND","Desired Access: Query Value"
"3:19:27.3277497 PM","Explorer.EXE","RegQueryKey","HKCR\Directory","SUCCESS","Query: HandleTags, HandleTags: 0x0"
"3:19:27.3278002 PM","Explorer.EXE","RegOpenKey","HKCR\Directory\CurVer","NAME NOT FOUND","Desired Access: Query Value"
"3:19:27.3278454 PM","Explorer.EXE","RegQueryKey","HKCR\Directory","SUCCESS","Query: Name"
"3:19:27.3278896 PM","Explorer.EXE","RegQueryKey","HKCR\Directory","SUCCESS","Query: HandleTags, HandleTags: 0x0"
"3:19:27.3279452 PM","Explorer.EXE","RegOpenKey","HKCU\Software\Classes\Directory","NAME NOT FOUND","Desired Access: Read"
"3:19:27.3279936 PM","Explorer.EXE","RegQueryKey","HKCR\Directory","SUCCESS","Query: HandleTags, HandleTags: 0x0"
"3:19:27.3280425 PM","Explorer.EXE","RegOpenKey","HKCR\Directory","SUCCESS","Desired Access: Read"
"3:19:27.3280927 PM","Explorer.EXE","RegCloseKey","HKCR\Directory","SUCCESS",""
"3:19:27.3281378 PM","Explorer.EXE","RegQueryKey","HKCR\Directory","SUCCESS","Query: Name"
"3:19:27.3281830 PM","Explorer.EXE","RegQueryKey","HKCR\Directory","SUCCESS","Query: HandleTags, HandleTags: 0x0"
"3:19:27.3282396 PM","Explorer.EXE","RegOpenKey","HKCU\Software\Classes\Directory","NAME NOT FOUND","Desired Access: Read"
"3:19:27.3282881 PM","Explorer.EXE","RegQueryKey","HKCR\Directory","SUCCESS","Query: HandleTags, HandleTags: 0x0"
"3:19:27.3283379 PM","Explorer.EXE","RegOpenKey","HKCR\Directory","SUCCESS","Desired Access: Read"
"3:19:27.3283860 PM","Explorer.EXE","RegCloseKey","HKCR\Directory","SUCCESS",""
"3:19:27.3284306 PM","Explorer.EXE","RegQueryKey","HKCR\Directory","SUCCESS","Query: Name"
"3:19:27.3284727 PM","Explorer.EXE","RegQueryKey","HKCR\Directory","SUCCESS","Query: HandleTags, HandleTags: 0x0"
"3:19:27.3285262 PM","Explorer.EXE","RegOpenKey","HKCU\Software\Classes\Directory\ShellEx\IconHandler","NAME NOT FOUND","Desired Access: Query Value"
"3:19:27.3285721 PM","Explorer.EXE","RegQueryKey","HKCR\Directory","SUCCESS","Query: HandleTags, HandleTags: 0x0"
"3:19:27.3286189 PM","Explorer.EXE","RegOpenKey","HKCR\Directory\ShellEx\IconHandler","NAME NOT FOUND","Desired Access: Query Value"
"3:19:27.3286663 PM","Explorer.EXE","RegQueryKey","HKCU\Software\Classes","SUCCESS","Query: Name"
"3:19:27.3287093 PM","Explorer.EXE","RegQueryKey","HKCU\Software\Classes","SUCCESS","Query: HandleTags, HandleTags: 0x0"
"3:19:27.3287512 PM","Explorer.EXE","RegQueryKey","HKCU\Software\Classes","SUCCESS","Query: HandleTags, HandleTags: 0x0"
"3:19:27.3287984 PM","Explorer.EXE","RegOpenKey","HKCU\Software\Classes\Folder","NAME NOT FOUND","Desired Access: Read"
"3:19:27.3288479 PM","Explorer.EXE","RegOpenKey","HKCR\Folder","SUCCESS","Desired Access: Read"
"3:19:27.3288967 PM","Explorer.EXE","RegQueryKey","HKCR\Folder","SUCCESS","Query: Name"
"3:19:27.3289391 PM","Explorer.EXE","RegQueryKey","HKCR\Folder","SUCCESS","Query: HandleTags, HandleTags: 0x0"
"3:19:27.3289921 PM","Explorer.EXE","RegOpenKey","HKCU\Software\Classes\Folder\ShellEx\IconHandler","NAME NOT FOUND","Desired Access: Query Value"
"3:19:27.3290376 PM","Explorer.EXE","RegQueryKey","HKCR\Folder","SUCCESS","Query: HandleTags, HandleTags: 0x0"
"3:19:27.3290840 PM","Explorer.EXE","RegOpenKey","HKCR\Folder\ShellEx\IconHandler","NAME NOT FOUND","Desired Access: Query Value"
"3:19:27.3291307 PM","Explorer.EXE","RegQueryKey","HKCU\Software\Classes","SUCCESS","Query: Name"
"3:19:27.3291738 PM","Explorer.EXE","RegQueryKey","HKCU\Software\Classes","SUCCESS","Query: HandleTags, HandleTags: 0x0"
"3:19:27.3292157 PM","Explorer.EXE","RegQueryKey","HKCU\Software\Classes","SUCCESS","Query: HandleTags, HandleTags: 0x0"
"3:19:27.3292636 PM","Explorer.EXE","RegOpenKey","HKCU\Software\Classes\AllFilesystemObjects","NAME NOT FOUND","Desired Access: Read"
"3:19:27.3293130 PM","Explorer.EXE","RegOpenKey","HKCR\AllFilesystemObjects","SUCCESS","Desired Access: Read"
"3:19:27.3293620 PM","Explorer.EXE","RegQueryKey","HKCR\AllFilesystemObjects","SUCCESS","Query: Name"
"3:19:27.3294045 PM","Explorer.EXE","RegQueryKey","HKCR\AllFilesystemObjects","SUCCESS","Query: HandleTags, HandleTags: 0x0"
"3:19:27.3294576 PM","Explorer.EXE","RegOpenKey","HKCU\Software\Classes\AllFilesystemObjects\ShellEx\IconHandler","NAME NOT FOUND","Desired Access: Query Value"
"3:19:27.3295032 PM","Explorer.EXE","RegQueryKey","HKCR\AllFilesystemObjects","SUCCESS","Query: HandleTags, HandleTags: 0x0"
"3:19:27.3295496 PM","Explorer.EXE","RegOpenKey","HKCR\AllFilesystemObjects\ShellEx\IconHandler","NAME NOT FOUND","Desired Access: Query Value"
"3:19:27.3296153 PM","Explorer.EXE","RegQueryKey","HKCR\Directory","SUCCESS","Query: Name"
"3:19:27.3296599 PM","Explorer.EXE","RegQueryKey","HKCR\Directory","SUCCESS","Query: HandleTags, HandleTags: 0x0"
"3:19:27.3297149 PM","Explorer.EXE","RegOpenKey","HKCU\Software\Classes\Directory","NAME NOT FOUND","Desired Access: Maximum Allowed"
"3:19:27.3297603 PM","Explorer.EXE","RegQueryValue","HKCR\Directory\DocObject","NAME NOT FOUND","Length: 144"
"3:19:27.3298039 PM","Explorer.EXE","RegQueryKey","HKCR\Directory","SUCCESS","Query: Name"
"3:19:27.3298457 PM","Explorer.EXE","RegQueryKey","HKCR\Directory","SUCCESS","Query: HandleTags, HandleTags: 0x0"
"3:19:27.3298984 PM","Explorer.EXE","RegOpenKey","HKCU\Software\Classes\Directory\DocObject","NAME NOT FOUND","Desired Access: Query Value"
"3:19:27.3299441 PM","Explorer.EXE","RegQueryKey","HKCR\Directory","SUCCESS","Query: HandleTags, HandleTags: 0x0"
"3:19:27.3299908 PM","Explorer.EXE","RegOpenKey","HKCR\Directory\DocObject","NAME NOT FOUND","Desired Access: Query Value"
"3:19:27.3300346 PM","Explorer.EXE","RegQueryKey","HKCR\Folder","SUCCESS","Query: Name"
"3:19:27.3300770 PM","Explorer.EXE","RegQueryKey","HKCR\Folder","SUCCESS","Query: HandleTags, HandleTags: 0x0"
"3:19:27.3301302 PM","Explorer.EXE","RegOpenKey","HKCU\Software\Classes\Folder","NAME NOT FOUND","Desired Access: Maximum Allowed"
"3:19:27.3301741 PM","Explorer.EXE","RegQueryValue","HKCR\Folder\DocObject","NAME NOT FOUND","Length: 144"
"3:19:27.3302170 PM","Explorer.EXE","RegQueryKey","HKCR\Folder","SUCCESS","Query: Name"
"3:19:27.3302584 PM","Explorer.EXE","RegQueryKey","HKCR\Folder","SUCCESS","Query: HandleTags, HandleTags: 0x0"
"3:19:27.3303107 PM","Explorer.EXE","RegOpenKey","HKCU\Software\Classes\Folder\DocObject","NAME NOT FOUND","Desired Access: Query Value"
"3:19:27.3303555 PM","Explorer.EXE","RegQueryKey","HKCR\Folder","SUCCESS","Query: HandleTags, HandleTags: 0x0"
"3:19:27.3304018 PM","Explorer.EXE","RegOpenKey","HKCR\Folder\DocObject","NAME NOT FOUND","Desired Access: Query Value"
"3:19:27.3304455 PM","Explorer.EXE","RegQueryKey","HKCR\AllFilesystemObjects","SUCCESS","Query: Name"
"3:19:27.3304885 PM","Explorer.EXE","RegQueryKey","HKCR\AllFilesystemObjects","SUCCESS","Query: HandleTags, HandleTags: 0x0"
"3:19:27.3305413 PM","Explorer.EXE","RegOpenKey","HKCU\Software\Classes\AllFilesystemObjects","NAME NOT FOUND","Desired Access: Maximum Allowed"
"3:19:27.3305857 PM","Explorer.EXE","RegQueryValue","HKCR\AllFilesystemObjects\DocObject","NAME NOT FOUND","Length: 144"
"3:19:27.3306279 PM","Explorer.EXE","RegQueryKey","HKCR\AllFilesystemObjects","SUCCESS","Query: Name"
"3:19:27.3306694 PM","Explorer.EXE","RegQueryKey","HKCR\AllFilesystemObjects","SUCCESS","Query: HandleTags, HandleTags: 0x0"
"3:19:27.3307217 PM","Explorer.EXE","RegOpenKey","HKCU\Software\Classes\AllFilesystemObjects\DocObject","NAME NOT FOUND","Desired Access: Query Value"
"3:19:27.3307671 PM","Explorer.EXE","RegQueryKey","HKCR\AllFilesystemObjects","SUCCESS","Query: HandleTags, HandleTags: 0x0"
"3:19:27.3308134 PM","Explorer.EXE","RegOpenKey","HKCR\AllFilesystemObjects\DocObject","NAME NOT FOUND","Desired Access: Query Value"
"3:19:27.3308579 PM","Explorer.EXE","RegQueryKey","HKCR\Directory","SUCCESS","Query: Name"
"3:19:27.3309012 PM","Explorer.EXE","RegQueryKey","HKCR\Directory","SUCCESS","Query: HandleTags, HandleTags: 0x0"
"3:19:27.3309546 PM","Explorer.EXE","RegOpenKey","HKCU\Software\Classes\Directory","NAME NOT FOUND","Desired Access: Maximum Allowed"
"3:19:27.3309985 PM","Explorer.EXE","RegQueryValue","HKCR\Directory\BrowseInPlace","NAME NOT FOUND","Length: 144"
"3:19:27.3310403 PM","Explorer.EXE","RegQueryKey","HKCR\Directory","SUCCESS","Query: Name"
"3:19:27.3310830 PM","Explorer.EXE","RegQueryKey","HKCR\Directory","SUCCESS","Query: HandleTags, HandleTags: 0x0"
"3:19:27.3311355 PM","Explorer.EXE","RegOpenKey","HKCU\Software\Classes\Directory\BrowseInPlace","NAME NOT FOUND","Desired Access: Query Value"
"3:19:27.3311809 PM","Explorer.EXE","RegQueryKey","HKCR\Directory","SUCCESS","Query: HandleTags, HandleTags: 0x0"
"3:19:27.3312275 PM","Explorer.EXE","RegOpenKey","HKCR\Directory\BrowseInPlace","NAME NOT FOUND","Desired Access: Query Value"
"3:19:27.3312715 PM","Explorer.EXE","RegQueryKey","HKCR\Folder","SUCCESS","Query: Name"
"3:19:27.3313139 PM","Explorer.EXE","RegQueryKey","HKCR\Folder","SUCCESS","Query: HandleTags, HandleTags: 0x0"
"3:19:27.3313669 PM","Explorer.EXE","RegOpenKey","HKCU\Software\Classes\Folder","NAME NOT FOUND","Desired Access: Maximum Allowed"
"3:19:27.3314106 PM","Explorer.EXE","RegQueryValue","HKCR\Folder\BrowseInPlace","NAME NOT FOUND","Length: 144"
"3:19:27.3314522 PM","Explorer.EXE","RegQueryKey","HKCR\Folder","SUCCESS","Query: Name"
"3:19:27.3314937 PM","Explorer.EXE","RegQueryKey","HKCR\Folder","SUCCESS","Query: HandleTags, HandleTags: 0x0"
"3:19:27.3315460 PM","Explorer.EXE","RegOpenKey","HKCU\Software\Classes\Folder\BrowseInPlace","NAME NOT FOUND","Desired Access: Query Value"
"3:19:27.3315909 PM","Explorer.EXE","RegQueryKey","HKCR\Folder","SUCCESS","Query: HandleTags, HandleTags: 0x0"
"3:19:27.3316372 PM","Explorer.EXE","RegOpenKey","HKCR\Folder\BrowseInPlace","NAME NOT FOUND","Desired Access: Query Value"
"3:19:27.3316815 PM","Explorer.EXE","RegQueryKey","HKCR\AllFilesystemObjects","SUCCESS","Query: Name"
"3:19:27.3317240 PM","Explorer.EXE","RegQueryKey","HKCR\AllFilesystemObjects","SUCCESS","Query: HandleTags, HandleTags: 0x0"
"3:19:27.3317771 PM","Explorer.EXE","RegOpenKey","HKCU\Software\Classes\AllFilesystemObjects","NAME NOT FOUND","Desired Access: Maximum Allowed"
"3:19:27.3318213 PM","Explorer.EXE","RegQueryValue","HKCR\AllFilesystemObjects\BrowseInPlace","NAME NOT FOUND","Length: 144"
"3:19:27.3318639 PM","Explorer.EXE","RegQueryKey","HKCR\AllFilesystemObjects","SUCCESS","Query: Name"
"3:19:27.3319052 PM","Explorer.EXE","RegQueryKey","HKCR\AllFilesystemObjects","SUCCESS","Query: HandleTags, HandleTags: 0x0"
"3:19:27.3319575 PM","Explorer.EXE","RegOpenKey","HKCU\Software\Classes\AllFilesystemObjects\BrowseInPlace","NAME NOT FOUND","Desired Access: Query Value"
"3:19:27.3320027 PM","Explorer.EXE","RegQueryKey","HKCR\AllFilesystemObjects","SUCCESS","Query: HandleTags, HandleTags: 0x0"
"3:19:27.3320489 PM","Explorer.EXE","RegOpenKey","HKCR\AllFilesystemObjects\BrowseInPlace","NAME NOT FOUND","Desired Access: Query Value"
"3:19:27.3320968 PM","Explorer.EXE","RegQueryKey","HKCR\Directory","SUCCESS","Query: Name"
"3:19:27.3321401 PM","Explorer.EXE","RegQueryKey","HKCR\Directory","SUCCESS","Query: HandleTags, HandleTags: 0x0"
"3:19:27.3321945 PM","Explorer.EXE","RegOpenKey","HKCU\Software\Classes\Directory\Clsid","NAME NOT FOUND","Desired Access: Query Value"
"3:19:27.3322412 PM","Explorer.EXE","RegQueryKey","HKCR\Directory","SUCCESS","Query: HandleTags, HandleTags: 0x0"
"3:19:27.3322892 PM","Explorer.EXE","RegOpenKey","HKCR\Directory\Clsid","NAME NOT FOUND","Desired Access: Query Value"
"3:19:27.3323334 PM","Explorer.EXE","RegQueryKey","HKCR\Folder","SUCCESS","Query: Name"
"3:19:27.3323765 PM","Explorer.EXE","RegQueryKey","HKCR\Folder","SUCCESS","Query: HandleTags, HandleTags: 0x0"
"3:19:27.3324303 PM","Explorer.EXE","RegOpenKey","HKCU\Software\Classes\Folder\Clsid","NAME NOT FOUND","Desired Access: Query Value"
"3:19:27.3324766 PM","Explorer.EXE","RegQueryKey","HKCR\Folder","SUCCESS","Query: HandleTags, HandleTags: 0x0"
"3:19:27.3325246 PM","Explorer.EXE","RegOpenKey","HKCR\Folder\Clsid","NAME NOT FOUND","Desired Access: Query Value"
"3:19:27.3325693 PM","Explorer.EXE","RegQueryKey","HKCR\AllFilesystemObjects","SUCCESS","Query: Name"
"3:19:27.3326120 PM","Explorer.EXE","RegQueryKey","HKCR\AllFilesystemObjects","SUCCESS","Query: HandleTags, HandleTags: 0x0"
"3:19:27.3326656 PM","Explorer.EXE","RegOpenKey","HKCU\Software\Classes\AllFilesystemObjects\Clsid","NAME NOT FOUND","Desired Access: Query Value"
"3:19:27.3327120 PM","Explorer.EXE","RegQueryKey","HKCR\AllFilesystemObjects","SUCCESS","Query: HandleTags, HandleTags: 0x0"
"3:19:27.3327595 PM","Explorer.EXE","RegOpenKey","HKCR\AllFilesystemObjects\Clsid","NAME NOT FOUND","Desired Access: Query Value"
"3:19:27.3328040 PM","Explorer.EXE","RegQueryKey","HKCR\Directory","SUCCESS","Query: Name"
"3:19:27.3328472 PM","Explorer.EXE","RegQueryKey","HKCR\Directory","SUCCESS","Query: HandleTags, HandleTags: 0x0"
"3:19:27.3329008 PM","Explorer.EXE","RegOpenKey","HKCU\Software\Classes\Directory","NAME NOT FOUND","Desired Access: Maximum Allowed"
"3:19:27.3329448 PM","Explorer.EXE","RegQueryValue","HKCR\Directory\IsShortcut","NAME NOT FOUND","Length: 144"
"3:19:27.3329874 PM","Explorer.EXE","RegQueryKey","HKCR\Folder","SUCCESS","Query: Name"
"3:19:27.3330296 PM","Explorer.EXE","RegQueryKey","HKCR\Folder","SUCCESS","Query: HandleTags, HandleTags: 0x0"
"3:19:27.3330828 PM","Explorer.EXE","RegOpenKey","HKCU\Software\Classes\Folder","NAME NOT FOUND","Desired Access: Maximum Allowed"
"3:19:27.3331265 PM","Explorer.EXE","RegQueryValue","HKCR\Folder\IsShortcut","NAME NOT FOUND","Length: 144"
"3:19:27.3331689 PM","Explorer.EXE","RegQueryKey","HKCR\AllFilesystemObjects","SUCCESS","Query: Name"
"3:19:27.3332111 PM","Explorer.EXE","RegQueryKey","HKCR\AllFilesystemObjects","SUCCESS","Query: HandleTags, HandleTags: 0x0"
"3:19:27.3332641 PM","Explorer.EXE","RegOpenKey","HKCU\Software\Classes\AllFilesystemObjects","NAME NOT FOUND","Desired Access: Maximum Allowed"
"3:19:27.3333082 PM","Explorer.EXE","RegQueryValue","HKCR\AllFilesystemObjects\IsShortcut","NAME NOT FOUND","Length: 144"
"3:19:27.3333517 PM","Explorer.EXE","RegQueryKey","HKCR\Directory","SUCCESS","Query: Name"
"3:19:27.3333941 PM","Explorer.EXE","RegQueryKey","HKCR\Directory","SUCCESS","Query: HandleTags, HandleTags: 0x0"
"3:19:27.3334474 PM","Explorer.EXE","RegOpenKey","HKCU\Software\Classes\Directory","NAME NOT FOUND","Desired Access: Maximum Allowed"
"3:19:27.3334913 PM","Explorer.EXE","RegQueryValue","HKCR\Directory\AlwaysShowExt","SUCCESS","Type: REG_SZ, Length: 2, Data: "
"3:19:27.3335349 PM","Explorer.EXE","RegQueryKey","HKCR\Directory","SUCCESS","Query: Name"
"3:19:27.3335929 PM","Explorer.EXE","RegQueryKey","HKCR\Directory","SUCCESS","Query: HandleTags, HandleTags: 0x0"
"3:19:27.3336502 PM","Explorer.EXE","RegOpenKey","HKCU\Software\Classes\Directory","NAME NOT FOUND","Desired Access: Maximum Allowed"
"3:19:27.3336946 PM","Explorer.EXE","RegQueryValue","HKCR\Directory\NeverShowExt","NAME NOT FOUND","Length: 144"
"3:19:27.3337384 PM","Explorer.EXE","RegQueryKey","HKCR\Folder","SUCCESS","Query: Name"
"3:19:27.3337808 PM","Explorer.EXE","RegQueryKey","HKCR\Folder","SUCCESS","Query: HandleTags, HandleTags: 0x0"
"3:19:27.3338341 PM","Explorer.EXE","RegOpenKey","HKCU\Software\Classes\Folder","NAME NOT FOUND","Desired Access: Maximum Allowed"
"3:19:27.3338780 PM","Explorer.EXE","RegQueryValue","HKCR\Folder\NeverShowExt","NAME NOT FOUND","Length: 144"
"3:19:27.3339208 PM","Explorer.EXE","RegQueryKey","HKCR\AllFilesystemObjects","SUCCESS","Query: Name"
"3:19:27.3339630 PM","Explorer.EXE","RegQueryKey","HKCR\AllFilesystemObjects","SUCCESS","Query: HandleTags, HandleTags: 0x0"
"3:19:27.3340159 PM","Explorer.EXE","RegOpenKey","HKCU\Software\Classes\AllFilesystemObjects","NAME NOT FOUND","Desired Access: Maximum Allowed"
"3:19:27.3340599 PM","Explorer.EXE","RegQueryValue","HKCR\AllFilesystemObjects\NeverShowExt","NAME NOT FOUND","Length: 144"
"3:19:27.3341073 PM","Explorer.EXE","RegCloseKey","HKCR\AllFilesystemObjects","SUCCESS",""
"3:19:27.3341549 PM","Explorer.EXE","RegCloseKey","HKCR\Folder","SUCCESS",""
"3:19:27.3342002 PM","Explorer.EXE","RegCloseKey","HKCR\Directory","SUCCESS",""
"3:19:27.3344597 PM","Explorer.EXE","CreateFile","C:\Users\tingwei\AppData\Roaming\Microsoft\Internet Explorer\Quick Launch\User Pinned","SUCCESS","Desired Access: Read Attributes, Disposition: Open, Options: Open Reparse Point, Attributes: n/a, ShareMode: Read, Write, Delete, AllocationSize: n/a, OpenResult: Opened"
"3:19:27.3345154 PM","Explorer.EXE","QueryBasicInformationFile","C:\Users\tingwei\AppData\Roaming\Microsoft\Internet Explorer\Quick Launch\User Pinned","SUCCESS","CreationTime: 9/22/2022 12:26:01 PM, LastAccessTime: 9/22/2022 12:26:06 PM, LastWriteTime: 9/22/2022 12:26:06 PM, ChangeTime: 9/22/2022 12:26:06 PM, FileAttributes: HD"
"3:19:27.3345587 PM","Explorer.EXE","CloseFile","C:\Users\tingwei\AppData\Roaming\Microsoft\Internet Explorer\Quick Launch\User Pinned","SUCCESS",""
"3:19:27.3346827 PM","Explorer.EXE","RegQueryKey","HKCU\Software\Classes","SUCCESS","Query: Name"
"3:19:27.3347303 PM","Explorer.EXE","RegQueryKey","HKCU\Software\Classes","SUCCESS","Query: HandleTags, HandleTags: 0x0"
"3:19:27.3347749 PM","Explorer.EXE","RegQueryKey","HKCU\Software\Classes","SUCCESS","Query: HandleTags, HandleTags: 0x0"
"3:19:27.3348252 PM","Explorer.EXE","RegOpenKey","HKCU\Software\Classes\Drive\shellex\FolderExtensions","NAME NOT FOUND","Desired Access: Enumerate Sub Keys"
"3:19:27.3348779 PM","Explorer.EXE","RegOpenKey","HKCR\Drive\shellex\FolderExtensions","SUCCESS","Desired Access: Enumerate Sub Keys"
"3:19:27.3349393 PM","Explorer.EXE","RegQueryKey","HKCR\Drive\shellex\FolderExtensions","SUCCESS","Query: Name"
"3:19:27.3349897 PM","Explorer.EXE","RegQueryKey","HKCR\Drive\shellex\FolderExtensions","SUCCESS","Query: HandleTags, HandleTags: 0x0"
"3:19:27.3350505 PM","Explorer.EXE","RegOpenKey","HKCU\Software\Classes\Drive\shellex\FolderExtensions","NAME NOT FOUND","Desired Access: Maximum Allowed"
"3:19:27.3351029 PM","Explorer.EXE","RegEnumKey","HKCR\Drive\shellex\FolderExtensions","SUCCESS","Index: 0, Name: {fbeb8a05-beee-4442-804e-409d6c4515e9}"
"3:19:27.3351528 PM","Explorer.EXE","RegQueryKey","HKCU\Software\Classes","SUCCESS","Query: Name"
"3:19:27.3352001 PM","Explorer.EXE","RegQueryKey","HKCU\Software\Classes","SUCCESS","Query: HandleTags, HandleTags: 0x0"
"3:19:27.3352461 PM","Explorer.EXE","RegQueryKey","HKCU\Software\Classes","SUCCESS","Query: HandleTags, HandleTags: 0x0"
"3:19:27.3352978 PM","Explorer.EXE","RegOpenKey","HKCU\Software\Classes\Drive\shellex\FolderExtensions\{fbeb8a05-beee-4442-804e-409d6c4515e9}","NAME NOT FOUND","Desired Access: Query Value"
"3:19:27.3353524 PM","Explorer.EXE","RegOpenKey","HKCR\Drive\shellex\FolderExtensions\{fbeb8a05-beee-4442-804e-409d6c4515e9}","SUCCESS","Desired Access: Query Value"
"3:19:27.3354077 PM","Explorer.EXE","RegQueryKey","HKCR\Drive\shellex\FolderExtensions\{fbeb8a05-beee-4442-804e-409d6c4515e9}","SUCCESS","Query: Name"
"3:19:27.3354569 PM","Explorer.EXE","RegQueryKey","HKCR\Drive\shellex\FolderExtensions\{fbeb8a05-beee-4442-804e-409d6c4515e9}","SUCCESS","Query: HandleTags, HandleTags: 0x0"
"3:19:27.3355166 PM","Explorer.EXE","RegOpenKey","HKCU\Software\Classes\Drive\shellex\FolderExtensions\{fbeb8a05-beee-4442-804e-409d6c4515e9}","NAME NOT FOUND","Desired Access: Maximum Allowed"
"3:19:27.3355670 PM","Explorer.EXE","RegQueryValue","HKCR\Drive\shellex\FolderExtensions\{fbeb8a05-beee-4442-804e-409d6c4515e9}\DriveMask","SUCCESS","Type: REG_DWORD, Length: 4, Data: 32"
"3:19:27.3356170 PM","Explorer.EXE","RegCloseKey","HKCR\Drive\shellex\FolderExtensions\{fbeb8a05-beee-4442-804e-409d6c4515e9}","SUCCESS",""
"3:19:27.3356672 PM","Explorer.EXE","RegEnumKey","HKCR\Drive\shellex\FolderExtensions","NO MORE ENTRIES","Index: 1, Length: 288"
"3:19:27.3357152 PM","Explorer.EXE","RegCloseKey","HKCR\Drive\shellex\FolderExtensions","SUCCESS",""
"3:19:27.3357944 PM","Explorer.EXE","CreateFile","C:\","SUCCESS","Desired Access: Read Data/List Directory, Read Attributes, Synchronize, Disposition: Open, Options: Synchronous IO Non-Alert, Attributes: n/a, ShareMode: Read, Write, Delete, AllocationSize: n/a, OpenResult: Opened"
"3:19:27.3358625 PM","Explorer.EXE","FileSystemControl","C:\","INVALID DEVICE REQUEST","Control: FSCTL_LMR_QUERY_DEBUG_INFO"
"3:19:27.3359167 PM","Explorer.EXE","QueryDirectory","C:\Users","SUCCESS","FileInformationClass: FileIdBothDirectoryInformation, Filter: Users, 2: Users"
"3:19:27.3359813 PM","Explorer.EXE","CloseFile","C:\","SUCCESS",""
"3:19:27.3361758 PM","Explorer.EXE","CreateFile","C:\Users\desktop.ini","SUCCESS","Desired Access: Generic Read, Disposition: Open, Options: Sequential Access, Synchronous IO Non-Alert, Non-Directory File, Attributes: n/a, ShareMode: Read, Write, Delete, AllocationSize: n/a, OpenResult: Opened"
"3:19:27.3362466 PM","Explorer.EXE","QueryStandardInformationFile","C:\Users\desktop.ini","SUCCESS","AllocationSize: 176, EndOfFile: 174, NumberOfLinks: 1, DeletePending: False, Directory: False"
"3:19:27.3363043 PM","Explorer.EXE","ReadFile","C:\Users\desktop.ini","SUCCESS","Offset: 0, Length: 174, Priority: Normal"
"3:19:27.3363929 PM","Explorer.EXE","QueryBasicInformationFile","C:\Users\desktop.ini","SUCCESS","CreationTime: 7/13/2009 9:54:24 PM, LastAccessTime: 7/13/2009 9:54:24 PM, LastWriteTime: 7/13/2009 9:54:24 PM, ChangeTime: 9/22/2022 1:17:22 PM, FileAttributes: HSA"
"3:19:27.3364486 PM","Explorer.EXE","CloseFile","C:\Users\desktop.ini","SUCCESS",""
"3:19:27.3366169 PM","Explorer.EXE","CreateFile","C:\Users","SUCCESS","Desired Access: Read Data/List Directory, Read Attributes, Synchronize, Disposition: Open, Options: Synchronous IO Non-Alert, Attributes: n/a, ShareMode: Read, Write, Delete, AllocationSize: n/a, OpenResult: Opened"
"3:19:27.3366841 PM","Explorer.EXE","FileSystemControl","C:\Users","INVALID DEVICE REQUEST","Control: FSCTL_LMR_QUERY_DEBUG_INFO"
"3:19:27.3367386 PM","Explorer.EXE","QueryDirectory","C:\Users\tingwei","SUCCESS","FileInformationClass: FileIdBothDirectoryInformation, Filter: tingwei, 2: tingwei"
"3:19:27.3368007 PM","Explorer.EXE","CloseFile","C:\Users","SUCCESS",""
"3:19:27.3370017 PM","Explorer.EXE","CreateFile","C:\Users\tingwei","SUCCESS","Desired Access: Read Data/List Directory, Read Attributes, Synchronize, Disposition: Open, Options: Synchronous IO Non-Alert, Attributes: n/a, ShareMode: Read, Write, Delete, AllocationSize: n/a, OpenResult: Opened"
"3:19:27.3370681 PM","Explorer.EXE","FileSystemControl","C:\Users\tingwei","INVALID DEVICE REQUEST","Control: FSCTL_LMR_QUERY_DEBUG_INFO"
"3:19:27.3371228 PM","Explorer.EXE","QueryDirectory","C:\Users\tingwei\AppData","SUCCESS","FileInformationClass: FileIdBothDirectoryInformation, Filter: AppData, 2: AppData"
"3:19:27.3371851 PM","Explorer.EXE","CloseFile","C:\Users\tingwei","SUCCESS",""
"3:19:27.3373830 PM","Explorer.EXE","CreateFile","C:\Users\tingwei\AppData","SUCCESS","Desired Access: Read Data/List Directory, Read Attributes, Synchronize, Disposition: Open, Options: Synchronous IO Non-Alert, Attributes: n/a, ShareMode: Read, Write, Delete, AllocationSize: n/a, OpenResult: Opened"
"3:19:27.3374516 PM","Explorer.EXE","FileSystemControl","C:\Users\tingwei\AppData","INVALID DEVICE REQUEST","Control: FSCTL_LMR_QUERY_DEBUG_INFO"
"3:19:27.3375068 PM","Explorer.EXE","QueryDirectory","C:\Users\tingwei\AppData\Roaming","SUCCESS","FileInformationClass: FileIdBothDirectoryInformation, Filter: Roaming, 2: Roaming"
"3:19:27.3375688 PM","Explorer.EXE","CloseFile","C:\Users\tingwei\AppData","SUCCESS",""
"3:19:27.3377876 PM","Explorer.EXE","CreateFile","C:\Users\tingwei\AppData\Roaming","SUCCESS","Desired Access: Read Data/List Directory, Read Attributes, Synchronize, Disposition: Open, Options: Synchronous IO Non-Alert, Attributes: n/a, ShareMode: Read, Write, Delete, AllocationSize: n/a, OpenResult: Opened"
"3:19:27.3378577 PM","Explorer.EXE","FileSystemControl","C:\Users\tingwei\AppData\Roaming","INVALID DEVICE REQUEST","Control: FSCTL_LMR_QUERY_DEBUG_INFO"
"3:19:27.3379135 PM","Explorer.EXE","QueryDirectory","C:\Users\tingwei\AppData\Roaming\Microsoft","SUCCESS","FileInformationClass: FileIdBothDirectoryInformation, Filter: Microsoft, 2: Microsoft"
"3:19:27.3379776 PM","Explorer.EXE","CloseFile","C:\Users\tingwei\AppData\Roaming","SUCCESS",""
"3:19:27.3381756 PM","Explorer.EXE","CreateFile","C:\Users\tingwei\AppData\Roaming\Microsoft\desktop.ini","NAME NOT FOUND","Desired Access: Generic Read, Disposition: Open, Options: Sequential Access, Synchronous IO Non-Alert, Non-Directory File, Attributes: n/a, ShareMode: Read, Write, Delete, AllocationSize: n/a"
"3:19:27.3383401 PM","Explorer.EXE","CreateFile","C:\Users\tingwei\AppData\Roaming\Microsoft","SUCCESS","Desired Access: Read Data/List Directory, Read Attributes, Synchronize, Disposition: Open, Options: Synchronous IO Non-Alert, Attributes: n/a, ShareMode: Read, Write, Delete, AllocationSize: n/a, OpenResult: Opened"
"3:19:27.3384095 PM","Explorer.EXE","FileSystemControl","C:\Users\tingwei\AppData\Roaming\Microsoft","INVALID DEVICE REQUEST","Control: FSCTL_LMR_QUERY_DEBUG_INFO"
"3:19:27.3384661 PM","Explorer.EXE","QueryDirectory","C:\Users\tingwei\AppData\Roaming\Microsoft\Internet Explorer","SUCCESS","FileInformationClass: FileIdBothDirectoryInformation, Filter: Internet Explorer, 2: Internet Explorer"
"3:19:27.3385312 PM","Explorer.EXE","CloseFile","C:\Users\tingwei\AppData\Roaming\Microsoft","SUCCESS",""
"3:19:27.3387368 PM","Explorer.EXE","CreateFile","C:\Users\tingwei\AppData\Roaming\Microsoft\Internet Explorer","SUCCESS","Desired Access: Read Data/List Directory, Read Attributes, Synchronize, Disposition: Open, Options: Synchronous IO Non-Alert, Attributes: n/a, ShareMode: Read, Write, Delete, AllocationSize: n/a, OpenResult: Opened"
"3:19:27.3388086 PM","Explorer.EXE","FileSystemControl","C:\Users\tingwei\AppData\Roaming\Microsoft\Internet Explorer","INVALID DEVICE REQUEST","Control: FSCTL_LMR_QUERY_DEBUG_INFO"
"3:19:27.3388659 PM","Explorer.EXE","QueryDirectory","C:\Users\tingwei\AppData\Roaming\Microsoft\Internet Explorer\Quick Launch","SUCCESS","FileInformationClass: FileIdBothDirectoryInformation, Filter: Quick Launch, 2: Quick Launch"
"3:19:27.3389310 PM","Explorer.EXE","CloseFile","C:\Users\tingwei\AppData\Roaming\Microsoft\Internet Explorer","SUCCESS",""
"3:19:27.3391319 PM","Explorer.EXE","CreateFile","C:\Users\tingwei\AppData\Roaming\Microsoft\Internet Explorer\Quick Launch\desktop.ini","SUCCESS","Desired Access: Generic Read, Disposition: Open, Options: Sequential Access, Synchronous IO Non-Alert, Non-Directory File, Attributes: n/a, ShareMode: Read, Write, Delete, AllocationSize: n/a, OpenResult: Opened"
"3:19:27.3392036 PM","Explorer.EXE","QueryStandardInformationFile","C:\Users\tingwei\AppData\Roaming\Microsoft\Internet Explorer\Quick Launch\desktop.ini","SUCCESS","AllocationSize: 224, EndOfFile: 221, NumberOfLinks: 1, DeletePending: False, Directory: False"
"3:19:27.3392614 PM","Explorer.EXE","ReadFile","C:\Users\tingwei\AppData\Roaming\Microsoft\Internet Explorer\Quick Launch\desktop.ini","SUCCESS","Offset: 0, Length: 221, Priority: Normal"
"3:19:27.3393421 PM","Explorer.EXE","QueryBasicInformationFile","C:\Users\tingwei\AppData\Roaming\Microsoft\Internet Explorer\Quick Launch\desktop.ini","SUCCESS","CreationTime: 9/22/2022 12:25:52 PM, LastAccessTime: 9/22/2022 12:25:52 PM, LastWriteTime: 9/22/2022 12:26:23 PM, ChangeTime: 9/22/2022 12:26:23 PM, FileAttributes: HS"
"3:19:27.3394010 PM","Explorer.EXE","CloseFile","C:\Users\tingwei\AppData\Roaming\Microsoft\Internet Explorer\Quick Launch\desktop.ini","SUCCESS",""
"3:19:27.3395612 PM","Explorer.EXE","CreateFile","C:\Users\tingwei\AppData\Roaming\Microsoft\Internet Explorer\Quick Launch","SUCCESS","Desired Access: Read Data/List Directory, Read Attributes, Synchronize, Disposition: Open, Options: Synchronous IO Non-Alert, Attributes: n/a, ShareMode: Read, Write, Delete, AllocationSize: n/a, OpenResult: Opened"
"3:19:27.3396316 PM","Explorer.EXE","FileSystemControl","C:\Users\tingwei\AppData\Roaming\Microsoft\Internet Explorer\Quick Launch","INVALID DEVICE REQUEST","Control: FSCTL_LMR_QUERY_DEBUG_INFO"
"3:19:27.3396898 PM","Explorer.EXE","QueryDirectory","C:\Users\tingwei\AppData\Roaming\Microsoft\Internet Explorer\Quick Launch\User Pinned","SUCCESS","FileInformationClass: FileIdBothDirectoryInformation, Filter: User Pinned, 2: User Pinned"
"3:19:27.3397544 PM","Explorer.EXE","CloseFile","C:\Users\tingwei\AppData\Roaming\Microsoft\Internet Explorer\Quick Launch","SUCCESS",""
"3:19:27.3399076 PM","Explorer.EXE","RegQueryKey","HKCU\Software\Classes","SUCCESS","Query: Name"
"3:19:27.3399513 PM","Explorer.EXE","RegQueryKey","HKCU\Software\Classes","SUCCESS","Query: HandleTags, HandleTags: 0x0"
"3:19:27.3399922 PM","Explorer.EXE","RegQueryKey","HKCU\Software\Classes","SUCCESS","Query: HandleTags, HandleTags: 0x0"
"3:19:27.3400383 PM","Explorer.EXE","RegOpenKey","HKCU\Software\Classes\.lnk","NAME NOT FOUND","Desired Access: Query Value"
"3:19:27.3400862 PM","Explorer.EXE","RegOpenKey","HKCR\.lnk","SUCCESS","Desired Access: Query Value"
"3:19:27.3401371 PM","Explorer.EXE","RegQueryKey","HKCR\.lnk","SUCCESS","Query: Name"
"3:19:27.3401812 PM","Explorer.EXE","RegQueryKey","HKCR\.lnk","SUCCESS","Query: HandleTags, HandleTags: 0x0"
"3:19:27.3402347 PM","Explorer.EXE","RegOpenKey","HKCU\Software\Classes\.lnk","NAME NOT FOUND","Desired Access: Maximum Allowed"
"3:19:27.3402789 PM","Explorer.EXE","RegQueryValue","HKCR\.lnk\(Default)","SUCCESS","Type: REG_SZ, Length: 16, Data: lnkfile"
"3:19:27.3403252 PM","Explorer.EXE","RegCloseKey","HKCR\.lnk","SUCCESS",""
"3:19:27.3403691 PM","Explorer.EXE","RegQueryKey","HKCU\Software\Classes","SUCCESS","Query: Name"
"3:19:27.3404111 PM","Explorer.EXE","RegQueryKey","HKCU\Software\Classes","SUCCESS","Query: HandleTags, HandleTags: 0x0"
"3:19:27.3404520 PM","Explorer.EXE","RegQueryKey","HKCU\Software\Classes","SUCCESS","Query: HandleTags, HandleTags: 0x0"
"3:19:27.3404974 PM","Explorer.EXE","RegOpenKey","HKCU\Software\Classes\.lnk\OpenWithProgids","NAME NOT FOUND","Desired Access: Read"
"3:19:27.3405451 PM","Explorer.EXE","RegOpenKey","HKCR\.lnk\OpenWithProgids","NAME NOT FOUND","Desired Access: Read"
"3:19:27.3405932 PM","Explorer.EXE","RegQueryKey","HKCU\Software\Classes","SUCCESS","Query: Name"
"3:19:27.3406352 PM","Explorer.EXE","RegQueryKey","HKCU\Software\Classes","SUCCESS","Query: HandleTags, HandleTags: 0x0"
"3:19:27.3406751 PM","Explorer.EXE","RegQueryKey","HKCU\Software\Classes","SUCCESS","Query: HandleTags, HandleTags: 0x0"
"3:19:27.3407202 PM","Explorer.EXE","RegOpenKey","HKCU\Software\Classes\Software\Microsoft\Windows\CurrentVersion\Explorer\FileExts\.lnk\OpenWithProgids","NAME NOT FOUND","Desired Access: Read"
"3:19:27.3407696 PM","Explorer.EXE","RegOpenKey","HKCR\Software\Microsoft\Windows\CurrentVersion\Explorer\FileExts\.lnk\OpenWithProgids","NAME NOT FOUND","Desired Access: Read"
"3:19:27.3408188 PM","Explorer.EXE","RegQueryKey","HKCU\Software\Classes","SUCCESS","Query: Name"
"3:19:27.3408603 PM","Explorer.EXE","RegQueryKey","HKCU\Software\Classes","SUCCESS","Query: HandleTags, HandleTags: 0x0"
"3:19:27.3409002 PM","Explorer.EXE","RegQueryKey","HKCU\Software\Classes","SUCCESS","Query: HandleTags, HandleTags: 0x0"
"3:19:27.3409453 PM","Explorer.EXE","RegOpenKey","HKCU\Software\Classes\.lnk","NAME NOT FOUND","Desired Access: Read"
"3:19:27.3409923 PM","Explorer.EXE","RegOpenKey","HKCR\.lnk","SUCCESS","Desired Access: Read"
"3:19:27.3410427 PM","Explorer.EXE","RegQueryKey","HKCU\Software\Microsoft\Windows\CurrentVersion\Explorer\FileExts","SUCCESS","Query: HandleTags, HandleTags: 0x0"
"3:19:27.3410884 PM","Explorer.EXE","RegOpenKey","HKCU\Software\Microsoft\Windows\CurrentVersion\Explorer\FileExts\.lnk","SUCCESS","Desired Access: Read"
"3:19:27.3411348 PM","Explorer.EXE","RegQueryKey","HKCU\Software\Microsoft\Windows\CurrentVersion\Explorer\FileExts\.lnk","SUCCESS","Query: HandleTags, HandleTags: 0x0"
"3:19:27.3411797 PM","Explorer.EXE","RegOpenKey","HKCU\Software\Microsoft\Windows\CurrentVersion\Explorer\FileExts\.lnk","SUCCESS","Desired Access: Read"
"3:19:27.3412231 PM","Explorer.EXE","RegQueryKey","HKCU\Software\Microsoft\Windows\CurrentVersion\Explorer\FileExts\.lnk","SUCCESS","Query: HandleTags, HandleTags: 0x0"
"3:19:27.3412685 PM","Explorer.EXE","RegOpenKey","HKCU\Software\Microsoft\Windows\CurrentVersion\Explorer\FileExts\.lnk\UserChoice","NAME NOT FOUND","Desired Access: Query Value"
"3:19:27.3413130 PM","Explorer.EXE","RegCloseKey","HKCU\Software\Microsoft\Windows\CurrentVersion\Explorer\FileExts\.lnk","SUCCESS",""
"3:19:27.3413552 PM","Explorer.EXE","RegCloseKey","HKCU\Software\Microsoft\Windows\CurrentVersion\Explorer\FileExts\.lnk","SUCCESS",""
"3:19:27.3413962 PM","Explorer.EXE","RegQueryKey","HKCU\Software\Classes","SUCCESS","Query: Name"
"3:19:27.3414371 PM","Explorer.EXE","RegQueryKey","HKCU\Software\Classes","SUCCESS","Query: HandleTags, HandleTags: 0x0"
"3:19:27.3414770 PM","Explorer.EXE","RegQueryKey","HKCU\Software\Classes","SUCCESS","Query: HandleTags, HandleTags: 0x0"
"3:19:27.3415222 PM","Explorer.EXE","RegOpenKey","HKCU\Software\Classes\lnkfile","NAME NOT FOUND","Desired Access: Read"
"3:19:27.3415695 PM","Explorer.EXE","RegOpenKey","HKCR\lnkfile","SUCCESS","Desired Access: Read"
"3:19:27.3417981 PM","Explorer.EXE","RegQueryKey","HKCR\lnkfile","SUCCESS","Query: Name"
"3:19:27.3418844 PM","Explorer.EXE","RegQueryKey","HKCR\lnkfile","SUCCESS","Query: HandleTags, HandleTags: 0x0"
"3:19:27.3419418 PM","Explorer.EXE","RegOpenKey","HKCU\Software\Classes\lnkfile\CurVer","NAME NOT FOUND","Desired Access: Query Value"
"3:19:27.3419884 PM","Explorer.EXE","RegQueryKey","HKCR\lnkfile","SUCCESS","Query: HandleTags, HandleTags: 0x0"
"3:19:27.3420351 PM","Explorer.EXE","RegOpenKey","HKCR\lnkfile\CurVer","NAME NOT FOUND","Desired Access: Query Value"
"3:19:27.3420781 PM","Explorer.EXE","RegQueryKey","HKCR\lnkfile","SUCCESS","Query: Name"
"3:19:27.3421198 PM","Explorer.EXE","RegQueryKey","HKCR\lnkfile","SUCCESS","Query: HandleTags, HandleTags: 0x0"
"3:19:27.3421716 PM","Explorer.EXE","RegOpenKey","HKCU\Software\Classes\lnkfile","NAME NOT FOUND","Desired Access: Read"
"3:19:27.3422164 PM","Explorer.EXE","RegQueryKey","HKCR\lnkfile","SUCCESS","Query: HandleTags, HandleTags: 0x0"
"3:19:27.3422615 PM","Explorer.EXE","RegOpenKey","HKCR\lnkfile","SUCCESS","Desired Access: Read"
"3:19:27.3423078 PM","Explorer.EXE","RegCloseKey","HKCR\lnkfile","SUCCESS",""
"3:19:27.3423495 PM","Explorer.EXE","RegQueryKey","HKCR\lnkfile","SUCCESS","Query: Name"
"3:19:27.3423911 PM","Explorer.EXE","RegQueryKey","HKCR\lnkfile","SUCCESS","Query: HandleTags, HandleTags: 0x0"
"3:19:27.3424434 PM","Explorer.EXE","RegOpenKey","HKCU\Software\Classes\lnkfile","NAME NOT FOUND","Desired Access: Read"
"3:19:27.3424890 PM","Explorer.EXE","RegQueryKey","HKCR\lnkfile","SUCCESS","Query: HandleTags, HandleTags: 0x0"
"3:19:27.3425350 PM","Explorer.EXE","RegOpenKey","HKCR\lnkfile","SUCCESS","Desired Access: Read"
"3:19:27.3425799 PM","Explorer.EXE","RegCloseKey","HKCR\lnkfile","SUCCESS",""
"3:19:27.3426285 PM","Explorer.EXE","RegQueryKey","HKCR\lnkfile","SUCCESS","Query: Name"
"3:19:27.3426682 PM","Explorer.EXE","RegQueryKey","HKCR\lnkfile","SUCCESS","Query: HandleTags, HandleTags: 0x0"
"3:19:27.3427181 PM","Explorer.EXE","RegOpenKey","HKCU\Software\Classes\lnkfile\ShellEx\IconHandler","NAME NOT FOUND","Desired Access: Query Value"
"3:19:27.3427613 PM","Explorer.EXE","RegQueryKey","HKCR\lnkfile","SUCCESS","Query: HandleTags, HandleTags: 0x0"
"3:19:27.3428046 PM","Explorer.EXE","RegOpenKey","HKCR\lnkfile\ShellEx\IconHandler","SUCCESS","Desired Access: Query Value"
"3:19:27.3428549 PM","Explorer.EXE","RegQueryKey","HKCR\lnkfile\shellex\IconHandler","SUCCESS","Query: Name"
"3:19:27.3428957 PM","Explorer.EXE","RegQueryKey","HKCR\lnkfile\shellex\IconHandler","SUCCESS","Query: HandleTags, HandleTags: 0x0"
"3:19:27.3429459 PM","Explorer.EXE","RegOpenKey","HKCU\Software\Classes\lnkfile\shellex\IconHandler","NAME NOT FOUND","Desired Access: Maximum Allowed"
"3:19:27.3429880 PM","Explorer.EXE","RegQueryValue","HKCR\lnkfile\shellex\IconHandler\(Default)","SUCCESS","Type: REG_SZ, Length: 78, Data: {00021401-0000-0000-C000-000000000046}"
"3:19:27.3430302 PM","Explorer.EXE","RegCloseKey","HKCR\lnkfile\shellex\IconHandler","SUCCESS",""
"3:19:27.3430714 PM","Explorer.EXE","RegQueryKey","HKCR\lnkfile","SUCCESS","Query: Name"
"3:19:27.3431116 PM","Explorer.EXE","RegQueryKey","HKCR\lnkfile","SUCCESS","Query: HandleTags, HandleTags: 0x0"
"3:19:27.3431620 PM","Explorer.EXE","RegOpenKey","HKCU\Software\Classes\lnkfile","NAME NOT FOUND","Desired Access: Maximum Allowed"
"3:19:27.3432034 PM","Explorer.EXE","RegQueryValue","HKCR\lnkfile\DocObject","NAME NOT FOUND","Length: 144"
"3:19:27.3432433 PM","Explorer.EXE","RegQueryKey","HKCR\lnkfile","SUCCESS","Query: Name"
"3:19:27.3432826 PM","Explorer.EXE","RegQueryKey","HKCR\lnkfile","SUCCESS","Query: HandleTags, HandleTags: 0x0"
"3:19:27.3433318 PM","Explorer.EXE","RegOpenKey","HKCU\Software\Classes\lnkfile\DocObject","NAME NOT FOUND","Desired Access: Query Value"
"3:19:27.3433745 PM","Explorer.EXE","RegQueryKey","HKCR\lnkfile","SUCCESS","Query: HandleTags, HandleTags: 0x0"
"3:19:27.3434177 PM","Explorer.EXE","RegOpenKey","HKCR\lnkfile\DocObject","NAME NOT FOUND","Desired Access: Query Value"
"3:19:27.3434634 PM","Explorer.EXE","RegQueryKey","HKCU\Software\Classes","SUCCESS","Query: Name"
"3:19:27.3435049 PM","Explorer.EXE","RegQueryKey","HKCU\Software\Classes","SUCCESS","Query: HandleTags, HandleTags: 0x0"
"3:19:27.3435451 PM","Explorer.EXE","RegQueryKey","HKCU\Software\Classes","SUCCESS","Query: HandleTags, HandleTags: 0x0"
"3:19:27.3435987 PM","Explorer.EXE","RegOpenKey","HKCU\Software\Classes\SystemFileAssociations\.lnk","NAME NOT FOUND","Desired Access: Read"
"3:19:27.3436475 PM","Explorer.EXE","RegOpenKey","HKCR\SystemFileAssociations\.lnk","SUCCESS","Desired Access: Read"
"3:19:27.3436987 PM","Explorer.EXE","RegQueryKey","HKCR\SystemFileAssociations\.lnk","SUCCESS","Query: Name"
"3:19:27.3437388 PM","Explorer.EXE","RegQueryKey","HKCR\SystemFileAssociations\.lnk","SUCCESS","Query: HandleTags, HandleTags: 0x0"
"3:19:27.3437891 PM","Explorer.EXE","RegOpenKey","HKCU\Software\Classes\SystemFileAssociations\.lnk","NAME NOT FOUND","Desired Access: Maximum Allowed"
"3:19:27.3438309 PM","Explorer.EXE","RegQueryValue","HKCR\SystemFileAssociations\.lnk\DocObject","NAME NOT FOUND","Length: 144"
"3:19:27.3438698 PM","Explorer.EXE","RegQueryKey","HKCR\SystemFileAssociations\.lnk","SUCCESS","Query: Name"
"3:19:27.3439089 PM","Explorer.EXE","RegQueryKey","HKCR\SystemFileAssociations\.lnk","SUCCESS","Query: HandleTags, HandleTags: 0x0"
"3:19:27.3439579 PM","Explorer.EXE","RegOpenKey","HKCU\Software\Classes\SystemFileAssociations\.lnk\DocObject","NAME NOT FOUND","Desired Access: Query Value"
"3:19:27.3440007 PM","Explorer.EXE","RegQueryKey","HKCR\SystemFileAssociations\.lnk","SUCCESS","Query: HandleTags, HandleTags: 0x0"
"3:19:27.3440436 PM","Explorer.EXE","RegOpenKey","HKCR\SystemFileAssociations\.lnk\DocObject","NAME NOT FOUND","Desired Access: Query Value"
"3:19:27.3440897 PM","Explorer.EXE","RegQueryKey","HKCR\lnkfile","SUCCESS","Query: Name"
"3:19:27.3441292 PM","Explorer.EXE","RegQueryKey","HKCR\lnkfile","SUCCESS","Query: HandleTags, HandleTags: 0x0"
"3:19:27.3441821 PM","Explorer.EXE","RegOpenKey","HKCU\Software\Classes\lnkfile","NAME NOT FOUND","Desired Access: Maximum Allowed"
"3:19:27.3442232 PM","Explorer.EXE","RegQueryValue","HKCR\lnkfile\BrowseInPlace","NAME NOT FOUND","Length: 144"
"3:19:27.3442618 PM","Explorer.EXE","RegQueryKey","HKCR\lnkfile","SUCCESS","Query: Name"
"3:19:27.3443003 PM","Explorer.EXE","RegQueryKey","HKCR\lnkfile","SUCCESS","Query: HandleTags, HandleTags: 0x0"
"3:19:27.3443496 PM","Explorer.EXE","RegOpenKey","HKCU\Software\Classes\lnkfile\BrowseInPlace","NAME NOT FOUND","Desired Access: Query Value"
"3:19:27.3443914 PM","Explorer.EXE","RegQueryKey","HKCR\lnkfile","SUCCESS","Query: HandleTags, HandleTags: 0x0"
"3:19:27.3444345 PM","Explorer.EXE","RegOpenKey","HKCR\lnkfile\BrowseInPlace","NAME NOT FOUND","Desired Access: Query Value"
"3:19:27.3444751 PM","Explorer.EXE","RegQueryKey","HKCR\SystemFileAssociations\.lnk","SUCCESS","Query: Name"
"3:19:27.3445149 PM","Explorer.EXE","RegQueryKey","HKCR\SystemFileAssociations\.lnk","SUCCESS","Query: HandleTags, HandleTags: 0x0"
"3:19:27.3445646 PM","Explorer.EXE","RegOpenKey","HKCU\Software\Classes\SystemFileAssociations\.lnk","NAME NOT FOUND","Desired Access: Maximum Allowed"
"3:19:27.3446107 PM","Explorer.EXE","RegQueryValue","HKCR\SystemFileAssociations\.lnk\BrowseInPlace","NAME NOT FOUND","Length: 144"
"3:19:27.3446493 PM","Explorer.EXE","RegQueryKey","HKCR\SystemFileAssociations\.lnk","SUCCESS","Query: Name"
"3:19:27.3446877 PM","Explorer.EXE","RegQueryKey","HKCR\SystemFileAssociations\.lnk","SUCCESS","Query: HandleTags, HandleTags: 0x0"
"3:19:27.3447371 PM","Explorer.EXE","RegOpenKey","HKCU\Software\Classes\SystemFileAssociations\.lnk\BrowseInPlace","NAME NOT FOUND","Desired Access: Query Value"
"3:19:27.3447792 PM","Explorer.EXE","RegQueryKey","HKCR\SystemFileAssociations\.lnk","SUCCESS","Query: HandleTags, HandleTags: 0x0"
"3:19:27.3448220 PM","Explorer.EXE","RegOpenKey","HKCR\SystemFileAssociations\.lnk\BrowseInPlace","NAME NOT FOUND","Desired Access: Query Value"
"3:19:27.3448635 PM","Explorer.EXE","RegQueryKey","HKCR\.lnk","SUCCESS","Query: Name"
"3:19:27.3449030 PM","Explorer.EXE","RegQueryKey","HKCR\.lnk","SUCCESS","Query: HandleTags, HandleTags: 0x0"
"3:19:27.3449534 PM","Explorer.EXE","RegOpenKey","HKCU\Software\Classes\.lnk","NAME NOT FOUND","Desired Access: Maximum Allowed"
"3:19:27.3449942 PM","Explorer.EXE","RegQueryValue","HKCR\.lnk\Content Type","NAME NOT FOUND","Length: 144"
"3:19:27.3450352 PM","Explorer.EXE","RegQueryKey","HKCR\lnkfile","SUCCESS","Query: Name"
"3:19:27.3450750 PM","Explorer.EXE","RegQueryKey","HKCR\lnkfile","SUCCESS","Query: HandleTags, HandleTags: 0x0"
"3:19:27.3451257 PM","Explorer.EXE","RegOpenKey","HKCU\Software\Classes\lnkfile\Clsid","NAME NOT FOUND","Desired Access: Query Value"
"3:19:27.3451688 PM","Explorer.EXE","RegQueryKey","HKCR\lnkfile","SUCCESS","Query: HandleTags, HandleTags: 0x0"
"3:19:27.3452133 PM","Explorer.EXE","RegOpenKey","HKCR\lnkfile\Clsid","SUCCESS","Desired Access: Query Value"
"3:19:27.3452607 PM","Explorer.EXE","RegQueryKey","HKCR\lnkfile\CLSID","SUCCESS","Query: Name"
"3:19:27.3453024 PM","Explorer.EXE","RegQueryKey","HKCR\lnkfile\CLSID","SUCCESS","Query: HandleTags, HandleTags: 0x0"
"3:19:27.3453540 PM","Explorer.EXE","RegOpenKey","HKCU\Software\Classes\lnkfile\CLSID","NAME NOT FOUND","Desired Access: Maximum Allowed"
"3:19:27.3453964 PM","Explorer.EXE","RegQueryValue","HKCR\lnkfile\CLSID\(Default)","SUCCESS","Type: REG_SZ, Length: 78, Data: {00021401-0000-0000-C000-000000000046}"
"3:19:27.3454399 PM","Explorer.EXE","RegCloseKey","HKCR\lnkfile\CLSID","SUCCESS",""
"3:19:27.3454785 PM","Explorer.EXE","RegQueryKey","HKCU\Software\Classes","SUCCESS","Query: Name"
"3:19:27.3455144 PM","Explorer.EXE","RegQueryKey","HKCU\Software\Classes","SUCCESS","Query: HandleTags, HandleTags: 0x0"
"3:19:27.3455491 PM","Explorer.EXE","RegQueryKey","HKCU\Software\Classes","SUCCESS","Query: HandleTags, HandleTags: 0x0"
"3:19:27.3456097 PM","Explorer.EXE","RegOpenKey","HKCU\Software\Classes\CLSID\{00021401-0000-0000-C000-000000000046}\Implemented Categories\{00021490-0000-0000-C000-000000000046}","NAME NOT FOUND","Desired Access: Query Value"
"3:19:27.3456577 PM","Explorer.EXE","RegOpenKey","HKCR\CLSID\{00021401-0000-0000-C000-000000000046}\Implemented Categories\{00021490-0000-0000-C000-000000000046}","NAME NOT FOUND","Desired Access: Query Value"
"3:19:27.3457116 PM","Explorer.EXE","RegQueryKey","HKCR\lnkfile","SUCCESS","Query: Name"
"3:19:27.3457511 PM","Explorer.EXE","RegQueryKey","HKCR\lnkfile","SUCCESS","Query: HandleTags, HandleTags: 0x0"
"3:19:27.3458022 PM","Explorer.EXE","RegOpenKey","HKCU\Software\Classes\lnkfile","NAME NOT FOUND","Desired Access: Maximum Allowed"
"3:19:27.3458429 PM","Explorer.EXE","RegQueryValue","HKCR\lnkfile\IsShortcut","SUCCESS","Type: REG_SZ, Length: 2, Data: "
"3:19:27.3458836 PM","Explorer.EXE","RegQueryKey","HKCR\lnkfile","SUCCESS","Query: Name"
"3:19:27.3459228 PM","Explorer.EXE","RegQueryKey","HKCR\lnkfile","SUCCESS","Query: HandleTags, HandleTags: 0x0"
"3:19:27.3459728 PM","Explorer.EXE","RegOpenKey","HKCU\Software\Classes\lnkfile","NAME NOT FOUND","Desired Access: Maximum Allowed"
"3:19:27.3460133 PM","Explorer.EXE","RegQueryValue","HKCR\lnkfile\AlwaysShowExt","NAME NOT FOUND","Length: 144"
"3:19:27.3460526 PM","Explorer.EXE","RegQueryKey","HKCR\SystemFileAssociations\.lnk","SUCCESS","Query: Name"
"3:19:27.3460918 PM","Explorer.EXE","RegQueryKey","HKCR\SystemFileAssociations\.lnk","SUCCESS","Query: HandleTags, HandleTags: 0x0"
"3:19:27.3461416 PM","Explorer.EXE","RegOpenKey","HKCU\Software\Classes\SystemFileAssociations\.lnk","NAME NOT FOUND","Desired Access: Maximum Allowed"
"3:19:27.3461825 PM","Explorer.EXE","RegQueryValue","HKCR\SystemFileAssociations\.lnk\AlwaysShowExt","NAME NOT FOUND","Length: 144"
"3:19:27.3462223 PM","Explorer.EXE","RegQueryKey","HKCR\lnkfile","SUCCESS","Query: Name"
"3:19:27.3462614 PM","Explorer.EXE","RegQueryKey","HKCR\lnkfile","SUCCESS","Query: HandleTags, HandleTags: 0x0"
"3:19:27.3463114 PM","Explorer.EXE","RegOpenKey","HKCU\Software\Classes\lnkfile","NAME NOT FOUND","Desired Access: Maximum Allowed"
"3:19:27.3463518 PM","Explorer.EXE","RegQueryValue","HKCR\lnkfile\NeverShowExt","SUCCESS","Type: REG_SZ, Length: 2, Data: "
"3:19:27.3463954 PM","Explorer.EXE","RegCloseKey","HKCR\SystemFileAssociations\.lnk","SUCCESS",""
"3:19:27.3464365 PM","Explorer.EXE","RegCloseKey","HKCR\.lnk","SUCCESS",""
"3:19:27.3464775 PM","Explorer.EXE","RegCloseKey","HKCR\lnkfile","SUCCESS",""
"3:19:27.3465564 PM","Explorer.EXE","RegQueryKey","HKCU\Software\Classes","SUCCESS","Query: Name"
"3:19:27.3466107 PM","Explorer.EXE","RegQueryKey","HKCU\Software\Classes","SUCCESS","Query: HandleTags, HandleTags: 0x0"
"3:19:27.3466573 PM","Explorer.EXE","RegQueryKey","HKCU\Software\Classes","SUCCESS","Query: HandleTags, HandleTags: 0x0"
"3:19:27.3467087 PM","Explorer.EXE","RegOpenKey","HKCU\Software\Classes\.lnk","NAME NOT FOUND","Desired Access: Query Value"
"3:19:27.3467620 PM","Explorer.EXE","RegOpenKey","HKCR\.lnk","SUCCESS","Desired Access: Query Value"
"3:19:27.3468159 PM","Explorer.EXE","RegQueryKey","HKCR\.lnk","SUCCESS","Query: Name"
"3:19:27.3468646 PM","Explorer.EXE","RegQueryKey","HKCR\.lnk","SUCCESS","Query: HandleTags, HandleTags: 0x0"
"3:19:27.3469237 PM","Explorer.EXE","RegOpenKey","HKCU\Software\Classes\.lnk","NAME NOT FOUND","Desired Access: Maximum Allowed"
"3:19:27.3469738 PM","Explorer.EXE","RegQueryValue","HKCR\.lnk\(Default)","SUCCESS","Type: REG_SZ, Length: 16, Data: lnkfile"
"3:19:27.3470241 PM","Explorer.EXE","RegCloseKey","HKCR\.lnk","SUCCESS",""
"3:19:27.3470729 PM","Explorer.EXE","RegQueryKey","HKCU\Software\Classes","SUCCESS","Query: Name"
"3:19:27.3471205 PM","Explorer.EXE","RegQueryKey","HKCU\Software\Classes","SUCCESS","Query: HandleTags, HandleTags: 0x0"
"3:19:27.3471668 PM","Explorer.EXE","RegQueryKey","HKCU\Software\Classes","SUCCESS","Query: HandleTags, HandleTags: 0x0"
"3:19:27.3472175 PM","Explorer.EXE","RegOpenKey","HKCU\Software\Classes\.lnk\OpenWithProgids","NAME NOT FOUND","Desired Access: Read"
"3:19:27.3472703 PM","Explorer.EXE","RegOpenKey","HKCR\.lnk\OpenWithProgids","NAME NOT FOUND","Desired Access: Read"
"3:19:27.3473228 PM","Explorer.EXE","RegQueryKey","HKCU\Software\Classes","SUCCESS","Query: Name"
"3:19:27.3473703 PM","Explorer.EXE","RegQueryKey","HKCU\Software\Classes","SUCCESS","Query: HandleTags, HandleTags: 0x0"
"3:19:27.3474166 PM","Explorer.EXE","RegQueryKey","HKCU\Software\Classes","SUCCESS","Query: HandleTags, HandleTags: 0x0"
"3:19:27.3474672 PM","Explorer.EXE","RegOpenKey","HKCU\Software\Classes\Software\Microsoft\Windows\CurrentVersion\Explorer\FileExts\.lnk\OpenWithProgids","NAME NOT FOUND","Desired Access: Read"
"3:19:27.3475209 PM","Explorer.EXE","RegOpenKey","HKCR\Software\Microsoft\Windows\CurrentVersion\Explorer\FileExts\.lnk\OpenWithProgids","NAME NOT FOUND","Desired Access: Read"
"3:19:27.3475730 PM","Explorer.EXE","RegQueryKey","HKCU\Software\Classes","SUCCESS","Query: Name"
"3:19:27.3476261 PM","Explorer.EXE","RegQueryKey","HKCU\Software\Classes","SUCCESS","Query: HandleTags, HandleTags: 0x0"
"3:19:27.3476720 PM","Explorer.EXE","RegQueryKey","HKCU\Software\Classes","SUCCESS","Query: HandleTags, HandleTags: 0x0"
"3:19:27.3477229 PM","Explorer.EXE","RegOpenKey","HKCU\Software\Classes\.lnk","NAME NOT FOUND","Desired Access: Read"
"3:19:27.3477756 PM","Explorer.EXE","RegOpenKey","HKCR\.lnk","SUCCESS","Desired Access: Read"
"3:19:27.3478308 PM","Explorer.EXE","RegQueryKey","HKCU\Software\Microsoft\Windows\CurrentVersion\Explorer\FileExts","SUCCESS","Query: HandleTags, HandleTags: 0x0"
"3:19:27.3478820 PM","Explorer.EXE","RegOpenKey","HKCU\Software\Microsoft\Windows\CurrentVersion\Explorer\FileExts\.lnk","SUCCESS","Desired Access: Read"
"3:19:27.3479327 PM","Explorer.EXE","RegQueryKey","HKCU\Software\Microsoft\Windows\CurrentVersion\Explorer\FileExts\.lnk","SUCCESS","Query: HandleTags, HandleTags: 0x0"
"3:19:27.3479831 PM","Explorer.EXE","RegOpenKey","HKCU\Software\Microsoft\Windows\CurrentVersion\Explorer\FileExts\.lnk","SUCCESS","Desired Access: Read"
"3:19:27.3480330 PM","Explorer.EXE","RegQueryKey","HKCU\Software\Microsoft\Windows\CurrentVersion\Explorer\FileExts\.lnk","SUCCESS","Query: HandleTags, HandleTags: 0x0"
"3:19:27.3480838 PM","Explorer.EXE","RegOpenKey","HKCU\Software\Microsoft\Windows\CurrentVersion\Explorer\FileExts\.lnk\UserChoice","NAME NOT FOUND","Desired Access: Query Value"
"3:19:27.3481335 PM","Explorer.EXE","RegCloseKey","HKCU\Software\Microsoft\Windows\CurrentVersion\Explorer\FileExts\.lnk","SUCCESS",""
"3:19:27.3481818 PM","Explorer.EXE","RegCloseKey","HKCU\Software\Microsoft\Windows\CurrentVersion\Explorer\FileExts\.lnk","SUCCESS",""
"3:19:27.3482291 PM","Explorer.EXE","RegQueryKey","HKCU\Software\Classes","SUCCESS","Query: Name"
"3:19:27.3482767 PM","Explorer.EXE","RegQueryKey","HKCU\Software\Classes","SUCCESS","Query: HandleTags, HandleTags: 0x0"
"3:19:27.3483221 PM","Explorer.EXE","RegQueryKey","HKCU\Software\Classes","SUCCESS","Query: HandleTags, HandleTags: 0x0"
"3:19:27.3483729 PM","Explorer.EXE","RegOpenKey","HKCU\Software\Classes\lnkfile","NAME NOT FOUND","Desired Access: Read"
"3:19:27.3484256 PM","Explorer.EXE","RegOpenKey","HKCR\lnkfile","SUCCESS","Desired Access: Read"
"3:19:27.3484769 PM","Explorer.EXE","RegQueryKey","HKCR\lnkfile","SUCCESS","Query: Name"
"3:19:27.3485244 PM","Explorer.EXE","RegQueryKey","HKCR\lnkfile","SUCCESS","Query: HandleTags, HandleTags: 0x0"
"3:19:27.3485880 PM","Explorer.EXE","RegOpenKey","HKCU\Software\Classes\lnkfile\CurVer","NAME NOT FOUND","Desired Access: Query Value"
"3:19:27.3486406 PM","Explorer.EXE","RegQueryKey","HKCR\lnkfile","SUCCESS","Query: HandleTags, HandleTags: 0x0"
"3:19:27.3486929 PM","Explorer.EXE","RegOpenKey","HKCR\lnkfile\CurVer","NAME NOT FOUND","Desired Access: Query Value"
"3:19:27.3487396 PM","Explorer.EXE","RegQueryKey","HKCR\lnkfile","SUCCESS","Query: Name"
"3:19:27.3487858 PM","Explorer.EXE","RegQueryKey","HKCR\lnkfile","SUCCESS","Query: HandleTags, HandleTags: 0x0"
"3:19:27.3488429 PM","Explorer.EXE","RegOpenKey","HKCU\Software\Classes\lnkfile","NAME NOT FOUND","Desired Access: Read"
"3:19:27.3488923 PM","Explorer.EXE","RegQueryKey","HKCR\lnkfile","SUCCESS","Query: HandleTags, HandleTags: 0x0"
"3:19:27.3489427 PM","Explorer.EXE","RegOpenKey","HKCR\lnkfile","SUCCESS","Desired Access: Read"
"3:19:27.3489940 PM","Explorer.EXE","RegCloseKey","HKCR\lnkfile","SUCCESS",""
"3:19:27.3490415 PM","Explorer.EXE","RegQueryKey","HKCR\lnkfile","SUCCESS","Query: Name"
"3:19:27.3490898 PM","Explorer.EXE","RegQueryKey","HKCR\lnkfile","SUCCESS","Query: HandleTags, HandleTags: 0x0"
"3:19:27.3491477 PM","Explorer.EXE","RegOpenKey","HKCU\Software\Classes\lnkfile","NAME NOT FOUND","Desired Access: Read"
"3:19:27.3491989 PM","Explorer.EXE","RegQueryKey","HKCR\lnkfile","SUCCESS","Query: HandleTags, HandleTags: 0x0"
"3:19:27.3492505 PM","Explorer.EXE","RegOpenKey","HKCR\lnkfile","SUCCESS","Desired Access: Read"
"3:19:27.3493010 PM","Explorer.EXE","RegCloseKey","HKCR\lnkfile","SUCCESS",""
"3:19:27.3493475 PM","Explorer.EXE","RegQueryKey","HKCR\lnkfile","SUCCESS","Query: Name"
"3:19:27.3493938 PM","Explorer.EXE","RegQueryKey","HKCR\lnkfile","SUCCESS","Query: HandleTags, HandleTags: 0x0"
"3:19:27.3494499 PM","Explorer.EXE","RegOpenKey","HKCU\Software\Classes\lnkfile","NAME NOT FOUND","Desired Access: Maximum Allowed"
"3:19:27.3494975 PM","Explorer.EXE","RegQueryValue","HKCR\lnkfile\IsShortcut","SUCCESS","Type: REG_SZ, Length: 2, Data: "
"3:19:27.3495468 PM","Explorer.EXE","RegQueryKey","HKCR\lnkfile","SUCCESS","Query: Name"
"3:19:27.3496123 PM","Explorer.EXE","RegQueryKey","HKCR\lnkfile","SUCCESS","Query: HandleTags, HandleTags: 0x0"
"3:19:27.3496710 PM","Explorer.EXE","RegOpenKey","HKCU\Software\Classes\lnkfile\ShellEx\IconHandler","NAME NOT FOUND","Desired Access: Query Value"
"3:19:27.3497195 PM","Explorer.EXE","RegQueryKey","HKCR\lnkfile","SUCCESS","Query: HandleTags, HandleTags: 0x0"
"3:19:27.3497689 PM","Explorer.EXE","RegOpenKey","HKCR\lnkfile\ShellEx\IconHandler","SUCCESS","Desired Access: Query Value"
"3:19:27.3498187 PM","Explorer.EXE","RegQueryKey","HKCR\lnkfile\shellex\IconHandler","SUCCESS","Query: Name"
"3:19:27.3498648 PM","Explorer.EXE","RegQueryKey","HKCR\lnkfile\shellex\IconHandler","SUCCESS","Query: HandleTags, HandleTags: 0x0"
"3:19:27.3499209 PM","Explorer.EXE","RegOpenKey","HKCU\Software\Classes\lnkfile\shellex\IconHandler","NAME NOT FOUND","Desired Access: Maximum Allowed"
"3:19:27.3499683 PM","Explorer.EXE","RegQueryValue","HKCR\lnkfile\shellex\IconHandler\(Default)","SUCCESS","Type: REG_SZ, Length: 78, Data: {00021401-0000-0000-C000-000000000046}"
"3:19:27.3500160 PM","Explorer.EXE","RegCloseKey","HKCR\lnkfile\shellex\IconHandler","SUCCESS",""
"3:19:27.3500646 PM","Explorer.EXE","RegCloseKey","HKCR\.lnk","SUCCESS",""
"3:19:27.3501105 PM","Explorer.EXE","RegCloseKey","HKCR\lnkfile","SUCCESS",""
"3:19:27.3501539 PM","Explorer.EXE","RegQueryKey","HKCU\Software\Classes","SUCCESS","Query: Name"
"3:19:27.3501952 PM","Explorer.EXE","RegQueryKey","HKCU\Software\Classes","SUCCESS","Query: HandleTags, HandleTags: 0x0"
"3:19:27.3502352 PM","Explorer.EXE","RegQueryKey","HKCU\Software\Classes","SUCCESS","Query: HandleTags, HandleTags: 0x0"
"3:19:27.3502805 PM","Explorer.EXE","RegOpenKey","HKCU\Software\Classes\CLSID\{00021401-0000-0000-C000-000000000046}","NAME NOT FOUND","Desired Access: Read"
"3:19:27.3503298 PM","Explorer.EXE","RegOpenKey","HKCR\CLSID\{00021401-0000-0000-C000-000000000046}","SUCCESS","Desired Access: Read"
"3:19:27.3503788 PM","Explorer.EXE","RegQueryKey","HKCR\CLSID\{00021401-0000-0000-C000-000000000046}","SUCCESS","Query: Name"
"3:19:27.3504208 PM","Explorer.EXE","RegQueryKey","HKCR\CLSID\{00021401-0000-0000-C000-000000000046}","SUCCESS","Query: HandleTags, HandleTags: 0x0"
"3:19:27.3504730 PM","Explorer.EXE","RegOpenKey","HKCU\Software\Classes\CLSID\{00021401-0000-0000-C000-000000000046}","NAME NOT FOUND","Desired Access: Maximum Allowed"
"3:19:27.3505177 PM","Explorer.EXE","RegQueryValue","HKCR\CLSID\{00021401-0000-0000-C000-000000000046}\DisableProcessIsolation","SUCCESS","Type: REG_DWORD, Length: 4, Data: 1"
